symbol1,symbol2,p_value
NEIROUSDT,PNUTUSDT,3.739921291795854e-29
DODOUSDT,RSRUSDT,5.690201177255198e-29
OGNUSDT,WINUSDT,4.542828984558711e-26
DEGOUSDT,SKLUSDT,4.878208451424709e-26
DEGOUSDT,GRTUSDT,1.4236167384790779e-25
DODOUSDT,FUNUSDT,3.1040013713815226e-25
GRTUSDT,PONDUSDT,1.603288736689294e-24
DEGOUSDT,FISUSDT,1.1679259205272159e-23
AXSUSDT,CHESSUSDT,1.3412301122933843e-23
MOVRUSDT,QIUSDT,2.0301121679332821e-22
MBOXUSDT,TLMUSDT,2.8628920791558044e-22
ALICEUSDT,MBOXUSDT,3.123659247979959e-22
ALPHAUSDT,DEGOUSDT,9.607896495690257e-22
AUDIOUSDT,QUICKUSDT,2.8103741054054077e-21
IDEXUSDT,RADUSDT,4.391332148096075e-21
DODOUSDT,UMAUSDT,4.5087041869192535e-21
PONDUSDT,TKOUSDT,5.823847924590907e-20
AMPUSDT,GTCUSDT,6.064971554806364e-20
DEGOUSDT,RSRUSDT,7.347578437861964e-20
XECUSDT,XTZUSDT,8.055922075690462e-20
GTCUSDT,MBOXUSDT,1.1425676209572732e-19
DEGOUSDT,DODOUSDT,1.3533410321890357e-19
DGBUSDT,PUNDIXUSDT,1.6065342896713923e-19
CHESSUSDT,YGGUSDT,3.262059904418208e-19
PONDUSDT,SKLUSDT,3.3015005719614185e-19
BNTUSDT,DEGOUSDT,4.053674215036428e-19
ADXUSDT,MINAUSDT,4.0641721677839714e-19
FIOUSDT,TKOUSDT,4.153731633780429e-19
ATAUSDT,KSMUSDT,4.385466890520357e-19
BANDUSDT,DEGOUSDT,6.228891601023168e-19
DODOUSDT,GRTUSDT,7.732130264480204e-19
ATAUSDT,RAREUSDT,8.438323030718774e-19
HOTUSDT,WINUSDT,9.075374880418293e-19
ADXUSDT,EGLDUSDT,9.715612649451237e-19
DODOUSDT,PUNDIXUSDT,1.34654470043075e-18
BANDUSDT,PUNDIXUSDT,1.6571859137609942e-18
ADXUSDT,DOTUSDT,1.7402195751610295e-18
BANDUSDT,DODOUSDT,2.1593229589883962e-18
SANDUSDT,VOXELUSDT,2.9030961041419308e-18
MLNUSDT,XECUSDT,3.1949353650968475e-18
DEGOUSDT,SUSHIUSDT,4.120327849229546e-18
ADXUSDT,ENJUSDT,4.1935919278164074e-18
PUNDIXUSDT,SKLUSDT,4.2150695929998216e-18
FISUSDT,SKLUSDT,6.227077339762853e-18
KMDUSDT,WANUSDT,6.295408793601439e-18
DEGOUSDT,RVNUSDT,6.327458272553266e-18
ATAUSDT,AUDIOUSDT,6.404913320545915e-18
ALPHAUSDT,DODOUSDT,6.828907976305173e-18
ALICEUSDT,RADUSDT,7.518260513710427e-18
BSWUSDT,GMTUSDT,8.171182955928944e-18
BICOUSDT,SANDUSDT,8.600139989793802e-18
ATAUSDT,C98USDT,1.0588647485704147e-17
AUDIOUSDT,MBOXUSDT,1.1064898686152582e-17
CHESSUSDT,RADUSDT,1.3171445143657663e-17
CVXUSDT,LOKAUSDT,1.3902061167953416e-17
DEGOUSDT,PONDUSDT,1.4705486938962955e-17
CHESSUSDT,DOTUSDT,1.8246236958860823e-17
SUSHIUSDT,TKOUSDT,1.8753277031790975e-17
MBOXUSDT,QIUSDT,1.8816701442008827e-17
CELRUSDT,YGGUSDT,2.338379280440314e-17
HOTUSDT,OGNUSDT,2.5408513918081572e-17
ARDRUSDT,AUDIOUSDT,3.2700825005460864e-17
ADXUSDT,RADUSDT,4.333217688566131e-17
ADXUSDT,ILVUSDT,4.4357642511765966e-17
DEGOUSDT,TKOUSDT,5.487449066018343e-17
PONDUSDT,VTHOUSDT,7.632939847933171e-17
DODOUSDT,SNXUSDT,7.774605854579438e-17
CELRUSDT,DYDXUSDT,9.830270806614068e-17
ALCXUSDT,ONEUSDT,9.87398192918583e-17
PUNDIXUSDT,SXPUSDT,1.6653718133894826e-16
FORTHUSDT,TKOUSDT,2.054417932530408e-16
ONTUSDT,PUNDIXUSDT,2.2804120817477873e-16
ALPHAUSDT,TKOUSDT,2.5458450098752287e-16
FILUSDT,OGNUSDT,3.2921357260826463e-16
CHESSUSDT,MLNUSDT,3.566508400655065e-16
COMPUSDT,FORTHUSDT,4.146632458388841e-16
PNUTUSDT,WIFUSDT,4.401300075701901e-16
RADUSDT,YGGUSDT,4.457714372365407e-16
PUNDIXUSDT,WINUSDT,5.152284849573395e-16
BANDUSDT,TKOUSDT,5.518465889653694e-16
PUNDIXUSDT,RSRUSDT,6.16923197887569e-16
FILUSDT,PONDUSDT,6.204504056807023e-16
AMPUSDT,WAXPUSDT,6.829897700479702e-16
FORTHUSDT,ONTUSDT,9.229961147640238e-16
CHESSUSDT,EGLDUSDT,1.0250792889082047e-15
SKLUSDT,TKOUSDT,1.249686722668753e-15
CHESSUSDT,RAREUSDT,1.2772059043963063e-15
ADXUSDT,YGGUSDT,1.3344434496027744e-15
FILUSDT,TKOUSDT,2.112052385839843e-15
AVAUSDT,FIOUSDT,2.1282913537043223e-15
FORTHUSDT,PUNDIXUSDT,2.21728058705925e-15
FLMUSDT,TKOUSDT,2.4456072748951864e-15
CELOUSDT,XTZUSDT,2.4484610870357023e-15
FIOUSDT,SKLUSDT,2.606640272494609e-15
PONDUSDT,WANUSDT,2.892771554302964e-15
MOVRUSDT,WAXPUSDT,3.509711848437357e-15
AUDIOUSDT,MLNUSDT,3.748648523664116e-15
BNTUSDT,SKLUSDT,3.777899939459141e-15
ACAUSDT,GLMRUSDT,3.915092713443191e-15
ENJUSDT,GTCUSDT,4.32762769234435e-15
AXSUSDT,RADUSDT,4.389933824913151e-15
ACMUSDT,JUVUSDT,4.433131957680012e-15
ENJUSDT,WAXPUSDT,4.595919759988403e-15
BANDUSDT,UMAUSDT,5.943739553617274e-15
ILVUSDT,MBOXUSDT,7.821703113055485e-15
FLOWUSDT,PSGUSDT,8.384984344380852e-15
CRVUSDT,VOXELUSDT,8.433164595375923e-15
PONDUSDT,UMAUSDT,8.643029943771404e-15
AXSUSDT,RAREUSDT,8.771035452586667e-15
ICXUSDT,MLNUSDT,9.604415770371899e-15
ATAUSDT,QTUMUSDT,9.639877398048341e-15
BAKEUSDT,ONTUSDT,1.0323370660351614e-14
LSKUSDT,TKOUSDT,1.2877277311428872e-14
DOTUSDT,RAREUSDT,1.3069721538327931e-14
BANDUSDT,PONDUSDT,1.466813029205796e-14
FIDAUSDT,QIUSDT,1.91311250044191e-14
GRTUSDT,UMAUSDT,1.9296551872367373e-14
ADXUSDT,CELRUSDT,1.9398405907132077e-14
MLNUSDT,XTZUSDT,2.1634584661114225e-14
FIOUSDT,SXPUSDT,2.1638406485352648e-14
RAREUSDT,YGGUSDT,2.2981841849069603e-14
BSWUSDT,LOKAUSDT,2.3002246140352775e-14
ARDRUSDT,MINAUSDT,2.4062072903070492e-14
ALPHAUSDT,FUNUSDT,2.441472957730921e-14
SXPUSDT,TKOUSDT,2.5375832654620648e-14
DGBUSDT,FORTHUSDT,2.941742344430145e-14
MOVRUSDT,YGGUSDT,2.956057228042014e-14
ATAUSDT,CHESSUSDT,3.04027080109974e-14
AMPUSDT,YGGUSDT,3.372802929094081e-14
ALICEUSDT,AUDIOUSDT,3.5102776244478346e-14
BICOUSDT,VOXELUSDT,3.7890140436397616e-14
DEGOUSDT,FIOUSDT,4.2122752413972826e-14
BTCUSDT,WBTCUSDT,4.9240326487122674e-14
FORTHUSDT,NEOUSDT,5.568522058147115e-14
AMPUSDT,GALAUSDT,5.764939459516043e-14
CTKUSDT,UTKUSDT,7.172495786597858e-14
SKLUSDT,WANUSDT,7.653975542122461e-14
IOSTUSDT,XECUSDT,7.995620732590973e-14
AVAUSDT,TKOUSDT,8.193499175177431e-14
DODOUSDT,PONDUSDT,8.262833939820686e-14
STRKUSDT,WLDUSDT,8.408025077203278e-14
AVAUSDT,SKLUSDT,9.071872728946514e-14
THETAUSDT,TKOUSDT,9.167774315647952e-14
GALAUSDT,VOXELUSDT,9.69461572350794e-14
ALCXUSDT,BICOUSDT,9.863191145198959e-14
ONTUSDT,WANUSDT,1.1089311303781641e-13
FIOUSDT,OGNUSDT,1.2228327964958478e-13
PERPUSDT,RAREUSDT,1.4299602081457598e-13
GTCUSDT,ILVUSDT,1.4558744821418971e-13
FLMUSDT,PUNDIXUSDT,1.6661447740692617e-13
IOTAUSDT,MINAUSDT,1.9251064311290932e-13
FIDAUSDT,RAREUSDT,2.0034716960609105e-13
DODOUSDT,FISUSDT,2.098045702889534e-13
PONDUSDT,RSRUSDT,2.1637477825380864e-13
ALGOUSDT,CHESSUSDT,2.2579268515071866e-13
QIUSDT,YGGUSDT,2.2806081702712133e-13
C98USDT,CHESSUSDT,2.4315751806352635e-13
DOTUSDT,ICXUSDT,2.4491455455041715e-13
AVAUSDT,PONDUSDT,2.4520351374670897e-13
1INCHUSDT,TKOUSDT,2.6165096103673184e-13
TKOUSDT,ZENUSDT,2.633000752803603e-13
FISUSDT,GRTUSDT,2.7448669527101403e-13
ADXUSDT,CHESSUSDT,3.1798660874368843e-13
COMPUSDT,TKOUSDT,3.285895437391542e-13
BARUSDT,CAKEUSDT,3.8333330569345445e-13
AVAUSDT,PUNDIXUSDT,3.9741060111019666e-13
FIOUSDT,PONDUSDT,3.975701270118893e-13
BNTUSDT,PONDUSDT,5.183260869781071e-13
DIAUSDT,KMDUSDT,5.534190407020309e-13
QIUSDT,RADUSDT,5.667307211218904e-13
AUDIOUSDT,C98USDT,5.950588038194685e-13
DASHUSDT,TLMUSDT,6.34620977256977e-13
FORTHUSDT,THETAUSDT,6.349324516830768e-13
FIOUSDT,WANUSDT,7.045603289439125e-13
BAKEUSDT,DGBUSDT,7.299842093416324e-13
QTUMUSDT,TKOUSDT,8.480622693272164e-13
BATUSDT,ENJUSDT,8.549090579572533e-13
EGLDUSDT,RADUSDT,8.549741943133891e-13
ARDRUSDT,MLNUSDT,8.576838916981633e-13
ALGOUSDT,CELOUSDT,8.66451857828891e-13
LRCUSDT,VOXELUSDT,8.762877658404339e-13
BAKEUSDT,COMPUSDT,9.26249987660986e-13
PONDUSDT,THETAUSDT,9.843802348217962e-13
KSMUSDT,MLNUSDT,1.0090973175219541e-12
ANKRUSDT,HOTUSDT,1.0411371717505863e-12
BNTUSDT,FIOUSDT,1.232071472806518e-12
JUVUSDT,UTKUSDT,1.2603561041228441e-12
ALPHAUSDT,BANDUSDT,1.3216426434499997e-12
1000CATUSDT,VELODROMEUSDT,1.4689451162973377e-12
ARDRUSDT,IOSTUSDT,1.5171639547812506e-12
ADXUSDT,CELOUSDT,1.7235570732299277e-12
ADXUSDT,COTIUSDT,1.8181948322814398e-12
FISUSDT,RVNUSDT,1.911386564822866e-12
BAKEUSDT,NEOUSDT,1.9438446441062373e-12
PUNDIXUSDT,WANUSDT,2.1660086565340447e-12
FISUSDT,PONDUSDT,2.293969630411692e-12
KMDUSDT,PONDUSDT,2.4063308576773985e-12
FILUSDT,KMDUSDT,2.4967198376969233e-12
ONTUSDT,TKOUSDT,2.496784702703275e-12
TLMUSDT,WINUSDT,2.670887883372582e-12
OGNUSDT,WANUSDT,3.100839755118142e-12
CVCUSDT,MINAUSDT,3.3438037716350936e-12
ARDRUSDT,CVCUSDT,3.530791405978894e-12
ATAUSDT,ZENUSDT,4.28621603921723e-12
AVAUSDT,FORTHUSDT,4.50034630003887e-12
FILUSDT,FIOUSDT,4.785206947096675e-12
ONTUSDT,SKLUSDT,4.8264775784400455e-12
BSWUSDT,KNCUSDT,5.1588047353188985e-12
CHESSUSDT,FIDAUSDT,5.1780996828856494e-12
DASHUSDT,SXPUSDT,5.217347625427243e-12
ALPHAUSDT,UMAUSDT,6.0223494084426106e-12
DCRUSDT,FIOUSDT,6.113424720306011e-12
BAKEUSDT,FILUSDT,6.168770698309426e-12
FIOUSDT,TLMUSDT,6.374869957573934e-12
CHRUSDT,IOTXUSDT,6.498021735450593e-12
AVAUSDT,WANUSDT,6.891981374297027e-12
TKOUSDT,UNIUSDT,7.52984927028106e-12
EGLDUSDT,ILVUSDT,8.162447839190871e-12
DASHUSDT,TKOUSDT,8.403161335260545e-12
THETAUSDT,VTHOUSDT,9.48431436148786e-12
FIOUSDT,THETAUSDT,9.77519197850881e-12
BELUSDT,PONDUSDT,1.0081783018274608e-11
BATUSDT,GTCUSDT,1.0205222536927714e-11
ALPHAUSDT,PONDUSDT,1.0344511961530568e-11
MOVRUSDT,RADUSDT,1.0600326193333994e-11
CELRUSDT,CHESSUSDT,1.1299989055770056e-11
CHESSUSDT,QIUSDT,1.2531717907794212e-11
BANDUSDT,FUNUSDT,1.2706744490849087e-11
ALPHAUSDT,FISUSDT,1.2948908717307363e-11
CVCUSDT,DOTUSDT,1.3748856450619082e-11
CELOUSDT,MLNUSDT,1.3762803353190037e-11
BATUSDT,WAXPUSDT,1.4010905554365502e-11
MLNUSDT,RAREUSDT,1.4563313284159726e-11
CVCUSDT,ICXUSDT,1.9037507714584385e-11
FIOUSDT,FLMUSDT,1.9730376168353252e-11
DOTUSDT,RADUSDT,2.0012441071919972e-11
FLMUSDT,TLMUSDT,2.028741390009703e-11
DIAUSDT,RSRUSDT,2.0625803417062767e-11
CVXUSDT,VOXELUSDT,2.1142885202490785e-11
C98USDT,CELOUSDT,2.3222714251320157e-11
DIAUSDT,PONDUSDT,2.5491087256847333e-11
FILUSDT,FORTHUSDT,2.6100144710202573e-11
FUNUSDT,UMAUSDT,2.91720499547659e-11
BICOUSDT,LRCUSDT,2.938270100321128e-11
RVNUSDT,UTKUSDT,3.0725593332948135e-11
DCRUSDT,TKOUSDT,3.0960552388976614e-11
BAKEUSDT,FORTHUSDT,3.2301819548226906e-11
COSUSDT,LTOUSDT,3.239095403537421e-11
AMPUSDT,HIVEUSDT,3.601938128567159e-11
CVCUSDT,IOSTUSDT,3.6416103964780655e-11
AMPUSDT,VOXELUSDT,3.710932091446728e-11
MANAUSDT,VOXELUSDT,3.866503724338693e-11
IDEXUSDT,MBOXUSDT,3.8846298379920826e-11
ATAUSDT,RADUSDT,3.907785656081951e-11
FIOUSDT,ONTUSDT,3.980529328280022e-11
ATAUSDT,MLNUSDT,4.091269354704342e-11
BNTUSDT,TKOUSDT,4.091921454715237e-11
OGNUSDT,THETAUSDT,4.403997639275574e-11
BARUSDT,COMPUSDT,4.669047955875222e-11
FILUSDT,WANUSDT,4.874814926428772e-11
ILVUSDT,WAXPUSDT,4.965544002072253e-11
MLNUSDT,ONGUSDT,5.1354612676191854e-11
DASHUSDT,JUVUSDT,5.534815359111434e-11
ALPHAUSDT,SUSHIUSDT,5.7309692036999185e-11
DIAUSDT,PUNDIXUSDT,6.028666604108613e-11
FIOUSDT,UTKUSDT,6.169902618214649e-11
FILUSDT,PUNDIXUSDT,6.504826430385707e-11
CAKEUSDT,TKOUSDT,7.050211425756775e-11
FISUSDT,RSRUSDT,7.069614118138365e-11
AXSUSDT,YGGUSDT,7.405191314558386e-11
ATAUSDT,YGGUSDT,7.436897626085243e-11
AVAUSDT,FILUSDT,7.53314937926684e-11
ACMUSDT,ASRUSDT,7.629085948280528e-11
IOSTUSDT,XTZUSDT,7.911419337839581e-11
GALAUSDT,SANDUSDT,8.487485090451031e-11
CVCUSDT,XTZUSDT,8.492204811891333e-11
IDEXUSDT,YGGUSDT,8.494171653709786e-11
AVAUSDT,ONTUSDT,8.726514042215001e-11
MLNUSDT,YGGUSDT,9.075297278570988e-11
SYSUSDT,VOXELUSDT,9.095087805512055e-11
LSKUSDT,PUNDIXUSDT,9.301006665676159e-11
SXPUSDT,UTKUSDT,9.817936144360153e-11
BARUSDT,DCRUSDT,9.964763203316449e-11
1INCHUSDT,UMAUSDT,1.0086616273993784e-10
ALICEUSDT,ILVUSDT,1.0558648347607752e-10
BIFIUSDT,LOKAUSDT,1.1117008901271875e-10
PONDUSDT,SNXUSDT,1.2803730192413602e-10
1INCHUSDT,OXTUSDT,1.337032424929322e-10
HIVEUSDT,VOXELUSDT,1.4500419003600675e-10
DCRUSDT,FLOWUSDT,1.4686259144532793e-10
FIOUSDT,LSKUSDT,1.5280061602560724e-10
AVAUSDT,KMDUSDT,1.5565785542644665e-10
CELOUSDT,DOTUSDT,1.604930324200118e-10
1INCHUSDT,ALPHAUSDT,1.641261371716699e-10
PHAUSDT,TKOUSDT,1.9285120789864663e-10
PERPUSDT,YGGUSDT,2.02520862864155e-10
TKOUSDT,VETUSDT,2.0602777847965974e-10
FIOUSDT,IOTAUSDT,2.060664374806132e-10
CAKEUSDT,DASHUSDT,2.1443062740553223e-10
MINAUSDT,RADUSDT,2.1876393092520545e-10
AMPUSDT,BATUSDT,2.4119715688017067e-10
RADUSDT,RAREUSDT,2.662626414541948e-10
DGBUSDT,NEOUSDT,2.6659072975350385e-10
METISUSDT,VANRYUSDT,2.990184152911942e-10
DGBUSDT,WANUSDT,3.1896827352441944e-10
PIXELUSDT,STRKUSDT,3.3220397647602825e-10
C98USDT,KSMUSDT,3.499035055964148e-10
CELOUSDT,CHESSUSDT,3.633656043590446e-10
SKLUSDT,SXPUSDT,3.7581730443453214e-10
SXPUSDT,TLMUSDT,4.2597242131077837e-10
MANTAUSDT,PIXELUSDT,4.2885320465489304e-10
DIAUSDT,UMAUSDT,4.310963818962933e-10
DASHUSDT,FIOUSDT,4.4398235263936937e-10
ADXUSDT,AXSUSDT,4.610172294890681e-10
FLMUSDT,FORTHUSDT,4.667132027604992e-10
LSKUSDT,WANUSDT,4.807423917020558e-10
EGLDUSDT,WAXPUSDT,4.96241566350449e-10
QTUMUSDT,ZENUSDT,5.093408019437174e-10
FUNUSDT,SNXUSDT,5.184642888652391e-10
BELUSDT,WANUSDT,5.188132182942021e-10
MLNUSDT,QTUMUSDT,5.218910324481583e-10
OXTUSDT,PONDUSDT,5.660350565645164e-10
HOTUSDT,TLMUSDT,5.905320491290447e-10
QTUMUSDT,VETUSDT,5.960299502494947e-10
FLOWUSDT,TKOUSDT,5.989907334720863e-10
FISUSDT,FUNUSDT,6.037838392288212e-10
CELOUSDT,MINAUSDT,6.089680271034952e-10
ICXUSDT,UTKUSDT,6.260261308756952e-10
ALCXUSDT,VOXELUSDT,6.358960855015359e-10
CVCUSDT,IOTAUSDT,6.919819202004185e-10
KMDUSDT,ONTUSDT,7.225119236027687e-10
MEUSDT,SCRUSDT,7.564393772444202e-10
DCRUSDT,SXPUSDT,7.629090041226526e-10
QIUSDT,WAXPUSDT,8.244029612792163e-10
ICXUSDT,IOSTUSDT,8.255199551396126e-10
FUNUSDT,PONDUSDT,8.74185938058084e-10
AUDIOUSDT,MINAUSDT,8.843176567186779e-10
1INCHUSDT,UTKUSDT,8.880640004667162e-10
MANAUSDT,SCRTUSDT,9.170629052025285e-10
AVAUSDT,SXPUSDT,9.381788399010845e-10
C98USDT,RADUSDT,9.448485533874e-10
CELRUSDT,RADUSDT,9.510319276876773e-10
BICOUSDT,GALAUSDT,9.566730280519378e-10
MINAUSDT,XTZUSDT,9.580828652502094e-10
FIOUSDT,KSMUSDT,9.945332780718614e-10
ACEUSDT,RDNTUSDT,1.0098053296292257e-09
ARDRUSDT,C98USDT,1.1062795993402169e-09
IDEXUSDT,MINAUSDT,1.1085909433679162e-09
LRCUSDT,MOVRUSDT,1.1113096710589053e-09
ONTUSDT,SXPUSDT,1.1134523165171973e-09
BANDUSDT,FISUSDT,1.1265881079014872e-09
DASHUSDT,UTKUSDT,1.1454755417168734e-09
KSMUSDT,ZENUSDT,1.1513884778156176e-09
ACAUSDT,SCRTUSDT,1.193206587040581e-09
SKLUSDT,THETAUSDT,1.2528420607489246e-09
CAKEUSDT,VETUSDT,1.2827673461626211e-09
ONTUSDT,PONDUSDT,1.4151179859108487e-09
DENTUSDT,HOTUSDT,1.4228066546688586e-09
MLNUSDT,RADUSDT,1.440574547790984e-09
FIOUSDT,OXTUSDT,1.4631106519573886e-09
MINAUSDT,MLNUSDT,1.6395410113951903e-09
KSMUSDT,MINAUSDT,1.7389599301491066e-09
OXTUSDT,UTKUSDT,1.8187459880585315e-09
DOTUSDT,MINAUSDT,1.8890561539478263e-09
BELUSDT,RSRUSDT,1.9567965421068638e-09
GRTUSDT,ZRXUSDT,2.031686648251568e-09
ICXUSDT,MINAUSDT,2.2107733180755355e-09
FIOUSDT,PUNDIXUSDT,2.233155254255297e-09
LRCUSDT,QIUSDT,2.253585227155972e-09
TRUUSDT,XECUSDT,2.380313134128312e-09
RDNTUSDT,XAIUSDT,2.3910645691286935e-09
MANTAUSDT,STRKUSDT,2.394356624938092e-09
MINAUSDT,YGGUSDT,2.503016305411442e-09
UTKUSDT,ZILUSDT,2.514407624236334e-09
OXTUSDT,SKLUSDT,2.5169390899589707e-09
SCUSDT,VTHOUSDT,2.5424399131872187e-09
ALICEUSDT,YGGUSDT,2.5572976590791153e-09
KAVAUSDT,QUICKUSDT,2.6563072561877633e-09
AVAUSDT,DGBUSDT,2.8477316978789904e-09
MLNUSDT,PERPUSDT,2.890129223094342e-09
BLURUSDT,TIAUSDT,2.905560054439406e-09
ACEUSDT,MAGICUSDT,3.0939753473464644e-09
IOTAUSDT,UTKUSDT,3.4554294089554967e-09
ALGOUSDT,RADUSDT,3.527213997000881e-09
OXTUSDT,UMAUSDT,3.7550675549276576e-09
C98USDT,RAREUSDT,3.928413128054613e-09
PONDUSDT,SUSHIUSDT,3.932010193438396e-09
PERPUSDT,QUICKUSDT,4.169444309685829e-09
AUDIOUSDT,YGGUSDT,4.2163221160960484e-09
CTSIUSDT,YGGUSDT,4.356189416087459e-09
TKOUSDT,YFIUSDT,4.807389019419713e-09
AMPUSDT,BICOUSDT,4.853357831439765e-09
FILUSDT,THETAUSDT,5.0177184001860456e-09
CRVUSDT,CVXUSDT,5.149177304385679e-09
PONDUSDT,ZRXUSDT,5.176806045140583e-09
SKLUSDT,ZILUSDT,5.207956014448039e-09
CAKEUSDT,FORTHUSDT,5.370970532737964e-09
ONGUSDT,XECUSDT,5.380203676586528e-09
GALAUSDT,HIVEUSDT,5.41329284202895e-09
CAKEUSDT,FLOWUSDT,5.422668763144245e-09
PONDUSDT,PUNDIXUSDT,5.6606632317399975e-09
MINAUSDT,ONGUSDT,5.911576313959652e-09
DIAUSDT,WANUSDT,6.011795059246725e-09
IOTAUSDT,KSMUSDT,6.193216487070415e-09
LSKUSDT,SXPUSDT,6.291983164858413e-09
ATAUSDT,XECUSDT,6.840011268305353e-09
DGBUSDT,ONTUSDT,7.140194008179756e-09
FLMUSDT,OGNUSDT,7.141805143645211e-09
AUDIOUSDT,IDEXUSDT,7.215608422119644e-09
AVAUSDT,THETAUSDT,7.317599372654469e-09
ALGOUSDT,XTZUSDT,7.3696281193267215e-09
C98USDT,XTZUSDT,7.55717655990636e-09
ACAUSDT,KDAUSDT,8.081902305066396e-09
IOSTUSDT,MLNUSDT,8.406428885403485e-09
ATMUSDT,FLOWUSDT,8.532247778358026e-09
FUNUSDT,SUSHIUSDT,8.545487027304892e-09
DYDXUSDT,MLNUSDT,8.565232530394057e-09
ACMUSDT,SUSHIUSDT,8.677264250149122e-09
CAKEUSDT,NEOUSDT,8.696043085289853e-09
MLNUSDT,ZENUSDT,8.791646991755347e-09
ARDRUSDT,IOTAUSDT,9.158209377146486e-09
ICXUSDT,KSMUSDT,9.205781579446275e-09
ILVUSDT,QIUSDT,9.731409078385199e-09
UTKUSDT,WANUSDT,1.0185391758219042e-08
SNXUSDT,UMAUSDT,1.257372757985014e-08
AMPUSDT,ENJUSDT,1.2588854837450181e-08
C98USDT,MINAUSDT,1.260786327899016e-08
DOTUSDT,MLNUSDT,1.2706815598968559e-08
FLMUSDT,SXPUSDT,1.3347993377471065e-08
BELUSDT,PUNDIXUSDT,1.3353165563742725e-08
CVXUSDT,SANDUSDT,1.3664777801248325e-08
COMPUSDT,NEOUSDT,1.4333092920207944e-08
BELUSDT,ONTUSDT,1.470601052658128e-08
ALGOUSDT,RAREUSDT,1.5083578567854196e-08
C98USDT,MLNUSDT,1.5111932787980634e-08
ACAUSDT,CVXUSDT,1.6746578692923937e-08
NEOUSDT,TKOUSDT,1.7803679344136896e-08
CAKEUSDT,ZENUSDT,1.780420667854721e-08
CELRUSDT,RAREUSDT,1.9177134977906532e-08
MOVRUSDT,RAREUSDT,1.9208376515791263e-08
MINAUSDT,QTUMUSDT,1.9317505198950055e-08
OMNIUSDT,SSVUSDT,1.9352647530078947e-08
DASHUSDT,DCRUSDT,1.9414002860894272e-08
1INCHUSDT,DASHUSDT,2.1851765112978132e-08
BELUSDT,DIAUSDT,2.1979956923050093e-08
CELOUSDT,RADUSDT,2.214673920876068e-08
FLOWUSDT,XECUSDT,2.245815669267679e-08
ALGOUSDT,MLNUSDT,2.3234332137295552e-08
CAKEUSDT,FLMUSDT,2.3270514998732377e-08
NTRNUSDT,XAIUSDT,2.349466651597688e-08
MEMEUSDT,STRKUSDT,2.3685808732189612e-08
OGNUSDT,PONDUSDT,2.3849531449613848e-08
BARUSDT,PUNDIXUSDT,2.4715162975724435e-08
THETAUSDT,WANUSDT,2.4968762603293146e-08
OGNUSDT,PUNDIXUSDT,2.5139556176943756e-08
ACMUSDT,SNXUSDT,2.5780421739584523e-08
SXPUSDT,WANUSDT,2.6299266022912163e-08
DEGOUSDT,TLMUSDT,2.6685874766999234e-08
PONDUSDT,RVNUSDT,2.737574595656598e-08
RSRUSDT,UMAUSDT,2.8108082676024045e-08
DOTUSDT,XTZUSDT,3.107888569348924e-08
FLOWUSDT,PERPUSDT,3.192016538950284e-08
AIUSDT,NFPUSDT,3.3280386940329664e-08
DCRUSDT,JUVUSDT,3.3543757715848075e-08
BARUSDT,JUVUSDT,3.389489035244488e-08
DCRUSDT,FORTHUSDT,3.5111449627675366e-08
WLDUSDT,WUSDT,3.5268652510876326e-08
ICXUSDT,OXTUSDT,3.585118888378403e-08
LSKUSDT,NEOUSDT,3.670811686461227e-08
CVCUSDT,XECUSDT,3.791478859909587e-08
GRTUSDT,SUSHIUSDT,3.971286696534412e-08
PIVXUSDT,STEEMUSDT,4.238002634559967e-08
ENJUSDT,ILVUSDT,4.394837816819992e-08
KSMUSDT,TKOUSDT,4.41489041220128e-08
ETHFIUSDT,PIXELUSDT,4.425393484947969e-08
FIDAUSDT,RADUSDT,4.6148698417707795e-08
BBUSDT,MEUSDT,4.93321129612688e-08
1INCHUSDT,BANDUSDT,4.99155775079457e-08
AVAUSDT,FLMUSDT,5.27375065575247e-08
NFPUSDT,WOOUSDT,5.5230757544171055e-08
OXTUSDT,ZRXUSDT,5.61517442506991e-08
1INCHUSDT,FUNUSDT,5.6532070941444876e-08
BNTUSDT,UTKUSDT,5.690504862135351e-08
C98USDT,PERPUSDT,5.697518497993127e-08
SUSHIUSDT,UMAUSDT,6.375316878320204e-08
BNTUSDT,RVNUSDT,6.413678567941464e-08
COTIUSDT,YGGUSDT,6.606804932818878e-08
C98USDT,XECUSDT,6.710405404214479e-08
MBOXUSDT,YGGUSDT,6.798493067373656e-08
FLMUSDT,KSMUSDT,6.846900875430041e-08
COMPUSDT,DASHUSDT,7.53712202098957e-08
AVAUSDT,DASHUSDT,8.065132932468591e-08
C98USDT,QTUMUSDT,8.078400631159915e-08
ALGOUSDT,YGGUSDT,8.461782128938028e-08
DASHUSDT,IOTAUSDT,8.707025199094626e-08
BATUSDT,ILVUSDT,9.053391295689089e-08
AMPUSDT,QIUSDT,9.100400282447436e-08
ALCXUSDT,GTCUSDT,9.208704394540503e-08
BICOUSDT,SPELLUSDT,9.669070514819384e-08
EGLDUSDT,YGGUSDT,9.694226112019296e-08
IOSTUSDT,IOTAUSDT,9.75269743927673e-08
DYDXUSDT,RAREUSDT,9.927584411321328e-08
DASHUSDT,YFIUSDT,1.0103119669944827e-07
AVAUSDT,DIAUSDT,1.0146476986883417e-07
DIAUSDT,ONTUSDT,1.0258002269427087e-07
DASHUSDT,WANUSDT,1.0471034137139456e-07
PHAUSDT,XVGUSDT,1.1136137228091015e-07
BLURUSDT,NTRNUSDT,1.1326633162457858e-07
MEMEUSDT,PIXELUSDT,1.2186386590359238e-07
BARUSDT,FORTHUSDT,1.2432791166423886e-07
DYDXUSDT,XECUSDT,1.2811909830728028e-07
KDAUSDT,SCRTUSDT,1.308983886515874e-07
LSKUSDT,ONTUSDT,1.3745458793382422e-07
ALPHAUSDT,SNXUSDT,1.4459122244206015e-07
1INCHUSDT,YFIUSDT,1.463999992240371e-07
C98USDT,DOTUSDT,1.4988334686920094e-07
CYBERUSDT,ETHFIUSDT,1.5111440229894465e-07
C98USDT,ICXUSDT,1.516328281907498e-07
AMPUSDT,AXSUSDT,1.534647676510568e-07
CAKEUSDT,DGBUSDT,1.600991662789277e-07
ASTRUSDT,DYMUSDT,1.6041464750620996e-07
DASHUSDT,ZILUSDT,1.6273926768831933e-07
DGBUSDT,TKOUSDT,1.6855952172062925e-07
BNTUSDT,OXTUSDT,1.6996081186668202e-07
DYDXUSDT,PERPUSDT,1.7435532943979756e-07
CELOUSDT,YGGUSDT,1.7469494513924356e-07
CHESSUSDT,MOVRUSDT,1.790595447327449e-07
ATAUSDT,IDEXUSDT,1.8193186366935963e-07
IOTAUSDT,OXTUSDT,1.8743753913003892e-07
ATAUSDT,FIDAUSDT,1.9232191738343425e-07
EGLDUSDT,MINAUSDT,1.924187987176095e-07
DYMUSDT,PIXELUSDT,1.94691728313942e-07
AIUSDT,STGUSDT,1.9501952398149405e-07
NFPUSDT,OPUSDT,1.9761433737699143e-07
CTSIUSDT,MINAUSDT,2.0238357440569428e-07
KMDUSDT,PUNDIXUSDT,2.2184861587995333e-07
CYBERUSDT,PIXELUSDT,2.2989043718655803e-07
VETUSDT,ZENUSDT,2.309456220580536e-07
AVAUSDT,RSRUSDT,2.3203341101069838e-07
COMPUSDT,ONTUSDT,2.3531826614982467e-07
FILUSDT,ONTUSDT,2.411671221427524e-07
C98USDT,IOSTUSDT,2.4249708015427647e-07
AMPUSDT,LRCUSDT,2.492053289229906e-07
COMPUSDT,DGBUSDT,2.532092830847053e-07
COMPUSDT,DCRUSDT,2.5557693052562476e-07
OXTUSDT,WANUSDT,2.60576286260328e-07
ASTRUSDT,TIAUSDT,2.6427303034547123e-07
BARUSDT,PSGUSDT,2.6601697447956785e-07
FLMUSDT,LSKUSDT,2.6951523917442175e-07
PERPUSDT,XECUSDT,2.859154561914766e-07
ETHFIUSDT,MEMEUSDT,2.868911911983351e-07
IOTAUSDT,XTZUSDT,2.987542241871603e-07
IDEXUSDT,IOSTUSDT,2.998593332593287e-07
RADUSDT,XTZUSDT,3.009976713541462e-07
ARDRUSDT,XECUSDT,3.104897877153567e-07
AUDIOUSDT,XECUSDT,3.131704982069215e-07
MEUSDT,ZKUSDT,3.280193684066866e-07
BNTUSDT,WANUSDT,3.3066657221916616e-07
NFPUSDT,STGUSDT,3.4989249985868434e-07
COMPUSDT,SXPUSDT,3.504609590051386e-07
1INCHUSDT,SUSHIUSDT,3.5085303167213185e-07
1INCHUSDT,ICXUSDT,3.539182604539673e-07
AVAUSDT,BNTUSDT,3.697022003100228e-07
1INCHUSDT,PONDUSDT,3.7485922407582554e-07
ONTUSDT,UTKUSDT,3.78857024127251e-07
BANDUSDT,SNXUSDT,4.079519924832227e-07
DUSDT,ZKUSDT,4.2620095061832886e-07
BARUSDT,FILUSDT,4.3977953467859773e-07
FLMUSDT,THETAUSDT,4.6319743449628367e-07
IOTAUSDT,SXPUSDT,4.7239990423998396e-07
DASHUSDT,ICXUSDT,4.7388102836610074e-07
AIUSDT,STRKUSDT,4.857421136775327e-07
1INCHUSDT,SXPUSDT,4.858789095170626e-07
ALCXUSDT,SANDUSDT,5.090848926616261e-07
FARMUSDT,FLOWUSDT,5.346929498108457e-07
FLMUSDT,WANUSDT,5.432517676667807e-07
FILUSDT,FLMUSDT,5.526322736513323e-07
DOTUSDT,IOSTUSDT,5.588673371496578e-07
AIUSDT,PIXELUSDT,5.73193616957656e-07
AMPUSDT,EGLDUSDT,5.892038127083907e-07
ACEUSDT,NTRNUSDT,6.025458440974769e-07
AVAUSDT,DCRUSDT,6.176497315877077e-07
MANAUSDT,SANDUSDT,6.20975488492987e-07
DASHUSDT,DGBUSDT,6.275578768217379e-07
AVAUSDT,UNIUSDT,6.422805535102695e-07
DGBUSDT,FILUSDT,6.519329309414904e-07
ICXUSDT,IOTAUSDT,6.543615218330009e-07
1MBABYDOGEUSDT,VELODROMEUSDT,6.816877281011151e-07
C98USDT,ZENUSDT,6.844327917710212e-07
ALGOUSDT,C98USDT,7.253929347675126e-07
DGBUSDT,SXPUSDT,7.493520933806901e-07
BANDUSDT,SUSHIUSDT,7.557688034671994e-07
DCRUSDT,FLMUSDT,7.62109378713057e-07
ONTUSDT,ZILUSDT,8.066254436587285e-07
ASTRUSDT,NTRNUSDT,9.076103505319862e-07
CAKEUSDT,YFIUSDT,9.460255079254121e-07
DENTUSDT,PUNDIXUSDT,9.78425831766958e-07
CYBERUSDT,WUSDT,1.0736686706961097e-06
DYMUSDT,NTRNUSDT,1.0865189969321083e-06
DASHUSDT,FLMUSDT,1.0873273981570084e-06
ADXUSDT,RAREUSDT,1.1075024722509069e-06
ALGOUSDT,DOTUSDT,1.1320369507093909e-06
NFPUSDT,STRKUSDT,1.213237410771401e-06
ROSEUSDT,SYSUSDT,1.237444423076107e-06
SCUSDT,VETUSDT,1.2433482161708391e-06
BNTUSDT,SXPUSDT,1.3031104939040297e-06
FARMUSDT,TRUUSDT,1.3142079780040192e-06
BANDUSDT,GRTUSDT,1.3369744670801548e-06
AVAUSDT,IOTAUSDT,1.3484127222205151e-06
CAKEUSDT,COMPUSDT,1.3868898019219987e-06
IOSTUSDT,MINAUSDT,1.4144477148112452e-06
GRTUSDT,OXTUSDT,1.480289202105822e-06
BARUSDT,DGBUSDT,1.4973798682528477e-06
MEMEUSDT,STGUSDT,1.5067675834701892e-06
MANTAUSDT,OSMOUSDT,1.528365399651895e-06
AMPUSDT,ILVUSDT,1.6209695525823704e-06
C98USDT,YGGUSDT,1.6263792923606724e-06
DASHUSDT,ONTUSDT,1.736744705728076e-06
FIDAUSDT,MOVRUSDT,1.8054874694086062e-06
PONDUSDT,SXPUSDT,1.811235371003819e-06
FLMUSDT,UTKUSDT,1.8128945742703698e-06
DUSKUSDT,RONINUSDT,1.9049998905017768e-06
PORTALUSDT,STRKUSDT,2.0878141638958563e-06
C98USDT,IDEXUSDT,2.1125646226617992e-06
PSGUSDT,QUICKUSDT,2.14152783636355e-06
DYMUSDT,TIAUSDT,2.2244600691942708e-06
ALICEUSDT,ENJUSDT,2.253650596466767e-06
ALICEUSDT,C98USDT,2.3108404142889312e-06
PIXELUSDT,STGUSDT,2.320845420573969e-06
DYMUSDT,OSMOUSDT,2.375299946483155e-06
VELODROMEUSDT,ZROUSDT,2.393350514146909e-06
IOTAUSDT,WANUSDT,2.4143377425443786e-06
BNTUSDT,SUSHIUSDT,2.419053201522498e-06
NTRNUSDT,TIAUSDT,2.43751846341968e-06
DIAUSDT,OXTUSDT,2.5837100883621516e-06
ARKMUSDT,PHBUSDT,2.619471724475276e-06
ACEUSDT,XAIUSDT,2.6404267844300796e-06
DOTUSDT,IOTAUSDT,2.7458484790364625e-06
ICXUSDT,XTZUSDT,2.7876139224149412e-06
INJUSDT,ORDIUSDT,2.908990041681888e-06
ICXUSDT,SXPUSDT,3.0688440458015157e-06
VANAUSDT,VELODROMEUSDT,3.1595753010798145e-06
1000CATUSDT,COWUSDT,3.2062526114319426e-06
OXTUSDT,RSRUSDT,3.264733094568257e-06
FLMUSDT,IOTAUSDT,3.305179345359494e-06
OXTUSDT,SUSHIUSDT,3.3488251718651844e-06
ONTUSDT,RSRUSDT,3.4249268107331922e-06
HAEDALUSDT,INITUSDT,3.4715595670993895e-06
NFPUSDT,XAIUSDT,3.62597809675837e-06
GRTUSDT,RSRUSDT,3.637318745041462e-06
1000CATUSDT,USUALUSDT,3.6730112049402856e-06
MAVUSDT,PIXELUSDT,4.5697345724954085e-06
PIXELUSDT,WLDUSDT,4.645200188202873e-06
COMPUSDT,YFIUSDT,4.7098771075211096e-06
ALTUSDT,STRKUSDT,4.8129782818743165e-06
XTZUSDT,YGGUSDT,5.023307954514191e-06
DGBUSDT,DIAUSDT,5.036107075333898e-06
ETHFIUSDT,MAVUSDT,5.264324750254019e-06
BBUSDT,VELODROMEUSDT,5.329756216771341e-06
PIXELUSDT,RIFUSDT,5.398134610047509e-06
BNTUSDT,IOTAUSDT,5.55034695674114e-06
CVCUSDT,YGGUSDT,5.620978298874065e-06
IOTAUSDT,ZENUSDT,5.693042724529756e-06
FLMUSDT,ONTUSDT,5.865684637071186e-06
STRKUSDT,XAIUSDT,5.95048301241067e-06
PHBUSDT,THEUSDT,6.071740944895006e-06
FARMUSDT,XECUSDT,6.13587994672274e-06
ONTUSDT,OXTUSDT,6.433289667604119e-06
AXSUSDT,QIUSDT,6.593843360048687e-06
FLOWUSDT,PHAUSDT,6.894001077855775e-06
BNTUSDT,ONTUSDT,7.644660289025389e-06
C98USDT,ONGUSDT,8.033495528681347e-06
METISUSDT,RONINUSDT,8.39230727552214e-06
CAKEUSDT,DCRUSDT,8.526916879891229e-06
CAKEUSDT,SXPUSDT,9.069896979233096e-06
MDTUSDT,PYTHUSDT,9.651697145859234e-06
BANDUSDT,DIAUSDT,9.865909151699294e-06
MANTAUSDT,TIAUSDT,9.896004533338567e-06
DASHUSDT,OXTUSDT,9.968902861611764e-06
NKNUSDT,PUNDIXUSDT,1.0141375633886118e-05
PIXELUSDT,XAIUSDT,1.0236566323048107e-05
ACEUSDT,BLURUSDT,1.023906663894889e-05
NFPUSDT,PIXELUSDT,1.0271859439662973e-05
BNTUSDT,DASHUSDT,1.057021088244065e-05
VETUSDT,XVGUSDT,1.063431325835954e-05
DYMUSDT,STRKUSDT,1.1098326405488055e-05
DOTUSDT,YGGUSDT,1.1450887892439832e-05
MEMEUSDT,NFPUSDT,1.1749699788401361e-05
DGBUSDT,FLMUSDT,1.2207485061578947e-05
MAGICUSDT,TIAUSDT,1.233470771989101e-05
CATIUSDT,THEUSDT,1.2587206431345806e-05
EGLDUSDT,MOVRUSDT,1.3279186688224256e-05
ALTUSDT,PIXELUSDT,1.4020527708944786e-05
GHSTUSDT,WUSDT,1.4263820499609665e-05
NFPUSDT,RDNTUSDT,1.4719211795724665e-05
1INCHUSDT,ONTUSDT,1.477691250763236e-05
BARUSDT,NEOUSDT,1.5398367054891287e-05
ICXUSDT,WANUSDT,1.5457197208642806e-05
1000CATUSDT,MEUSDT,1.581172764810788e-05
COMPUSDT,SUSHIUSDT,1.6628352948869564e-05
FLMUSDT,NEOUSDT,1.7017481251145146e-05
NTRNUSDT,STRKUSDT,1.7937115627909497e-05
ALCXUSDT,AMPUSDT,1.810281186419134e-05
ALGOUSDT,MINAUSDT,1.8198101214891405e-05
BNTUSDT,ICXUSDT,1.831235658258726e-05
BANDUSDT,OXTUSDT,1.8537029946597738e-05
COMPUSDT,UNIUSDT,1.8938733155676557e-05
BIGTIMEUSDT,HAEDALUSDT,1.9224788813634868e-05
FIDAUSDT,PERPUSDT,1.9296607499989722e-05
PIXELUSDT,PORTALUSDT,1.9370502171461558e-05
ALTUSDT,CYBERUSDT,1.9374394021293774e-05
1000CATUSDT,VANAUSDT,1.9557758438946964e-05
BNTUSDT,RSRUSDT,2.0000043071292425e-05
ACXUSDT,LUMIAUSDT,2.0279504850252257e-05
ALTUSDT,WUSDT,2.035060356936894e-05
ALGOUSDT,IDEXUSDT,2.0688161150808364e-05
OXTUSDT,SXPUSDT,2.0921592943931363e-05
MAGICUSDT,NTRNUSDT,2.1018182765347067e-05
DOTUSDT,OXTUSDT,2.1969042318486337e-05
ARBUSDT,BLURUSDT,2.24163722214689e-05
MANTAUSDT,PORTALUSDT,2.360246522882582e-05
BLURUSDT,MAGICUSDT,2.373536646777118e-05
BEAMXUSDT,LUMIAUSDT,2.4451299571620057e-05
ARBUSDT,PIXELUSDT,2.5488165450920275e-05
NEOUSDT,ONTUSDT,2.5503970850428214e-05
CVXUSDT,SCRTUSDT,2.5587434763166475e-05
AMPUSDT,CHESSUSDT,2.601926254813323e-05
OSMOUSDT,PIXELUSDT,2.7578530567438673e-05
CATIUSDT,DOGSUSDT,2.7631141362935206e-05
FLOWUSDT,QUICKUSDT,2.8849543489390046e-05
BANDUSDT,RSRUSDT,2.9199232592110746e-05
1INCHUSDT,FLMUSDT,3.0294558240699643e-05
ACXUSDT,BEAMXUSDT,3.057948855059362e-05
ONTUSDT,THETAUSDT,3.1977393859807116e-05
KDAUSDT,TUSDT,3.203062605368728e-05
STRKUSDT,TIAUSDT,3.231132091208548e-05
DCRUSDT,SUSHIUSDT,3.485093725078769e-05
ASRUSDT,JUVUSDT,3.5903833225252024e-05
ETHFIUSDT,RONINUSDT,3.6499634660886525e-05
RIFUSDT,STRKUSDT,3.805234905546999e-05
MANTAUSDT,MAVUSDT,3.889560601784386e-05
AMPUSDT,SANDUSDT,3.919275823722967e-05
LISTAUSDT,SSVUSDT,4.242908570346639e-05
STGUSDT,XAIUSDT,4.346386976553054e-05
STGUSDT,STRKUSDT,4.382663268847323e-05
DASHUSDT,NEOUSDT,4.3867515720079216e-05
PIVXUSDT,VELODROMEUSDT,4.3920115400160754e-05
ALTUSDT,ETHFIUSDT,4.8655644574761825e-05
AXLUSDT,WLDUSDT,4.998179981286607e-05
METISUSDT,WOOUSDT,5.019047687454717e-05
MAGICUSDT,PIXELUSDT,5.204579417638932e-05
CAKEUSDT,MLNUSDT,5.270420198127395e-05
DOTUSDT,KSMUSDT,5.406790362759412e-05
CVXUSDT,SYSUSDT,5.997996532129116e-05
BEAMXUSDT,MEUSDT,6.334125602803967e-05
ANKRUSDT,STORJUSDT,6.461987743387279e-05
MANTAUSDT,RDNTUSDT,6.89179506549374e-05
FLMUSDT,ICXUSDT,6.964687335510566e-05
DCRUSDT,YFIUSDT,7.132611643978316e-05
METISUSDT,PYTHUSDT,7.238745978360063e-05
PIXELUSDT,RDNTUSDT,7.467468134023785e-05
ETHFIUSDT,WUSDT,7.717792573657526e-05
DUSKUSDT,ETHFIUSDT,7.74107834311965e-05
AXLUSDT,DYMUSDT,7.744887882524587e-05
AIUSDT,WOOUSDT,7.754440762463189e-05
ALTUSDT,RIFUSDT,7.923321271416131e-05
AMPUSDT,CRVUSDT,8.196528890793918e-05
BLURUSDT,MANTAUSDT,8.301674454118845e-05
FIDAUSDT,YGGUSDT,8.513972629975103e-05
MAGICUSDT,NFPUSDT,8.60600799309906e-05
NTRNUSDT,OSMOUSDT,8.632779894854151e-05
CYBERUSDT,STRKUSDT,8.924942953017496e-05
SNXUSDT,SUSHIUSDT,8.992644753356398e-05
ACEUSDT,MANTAUSDT,9.712231778741598e-05
AXLUSDT,MDTUSDT,0.00010108510676389089
ALCXUSDT,GALAUSDT,0.0001026478176912433
AIUSDT,OPUSDT,0.00010429059018178028
AXLUSDT,PIXELUSDT,0.00010701517997031936
NTRNUSDT,WOOUSDT,0.00010799062430999167
MDTUSDT,PIXELUSDT,0.00011033193652354982
EGLDUSDT,QIUSDT,0.00011144526528769952
DCRUSDT,ONTUSDT,0.00011427014997618093
BANDUSDT,ONTUSDT,0.00011707718458657114
RDNTUSDT,STRKUSDT,0.00012112423060631706
DCRUSDT,DGBUSDT,0.00012181191287543576
MAVUSDT,STRKUSDT,0.00012898004351798888
AXLUSDT,STRKUSDT,0.00013138352720785178
PYTHUSDT,VICUSDT,0.0001370314398356935
OSMOUSDT,TIAUSDT,0.00013721118044727722
NEOUSDT,SCUSDT,0.0001413817172141759
MAGICUSDT,MAVUSDT,0.00014681692325123092
CRVUSDT,ILVUSDT,0.00014755359597585447
LUMIAUSDT,MEUSDT,0.00015137573767328634
ACEUSDT,STRKUSDT,0.0001557331073218328
EIGENUSDT,VELODROMEUSDT,0.00015592405581279118
ASTRUSDT,MANTAUSDT,0.00015719425081166605
PROMUSDT,STRKUSDT,0.00016471047836430188
BANDUSDT,DASHUSDT,0.0001648268993586828
MEUSDT,POLUSDT,0.00016550422406855258
AIUSDT,MEMEUSDT,0.00016796911485271893
OMNIUSDT,RONINUSDT,0.0001697744830102107
AXLUSDT,PYTHUSDT,0.0001718868988713927
DYMUSDT,NFPUSDT,0.0001755426369334588
ARBUSDT,MANTAUSDT,0.00018203723894423052
NEIROUSDT,WIFUSDT,0.00018271889629006217
MAVUSDT,WUSDT,0.00018363531591928777
OMNIUSDT,WUSDT,0.0001863710372755981
GNSUSDT,RDNTUSDT,0.00019194995461869962
ALTUSDT,MANTAUSDT,0.0002059746577590191
AMPUSDT,ONEUSDT,0.00021616865447597546
AIUSDT,XAIUSDT,0.00021831704597262844
MAGICUSDT,XAIUSDT,0.0002215773377506107
ALTUSDT,MEMEUSDT,0.000229852575756586
ACEUSDT,PORTALUSDT,0.00023250990676137602
DYMUSDT,IMXUSDT,0.00023303054661550466
CVXUSDT,MANAUSDT,0.000249697979598852
MEMEUSDT,XAIUSDT,0.0002538589371554351
BEAMXUSDT,VELODROMEUSDT,0.0002585500168848317
GHSTUSDT,OMNIUSDT,0.0002697619237547634
IOTAUSDT,ONTUSDT,0.00027735191767317444
MAGICUSDT,MANTAUSDT,0.0002960108059979771
AXSUSDT,FIDAUSDT,0.0002961152357414135
METISUSDT,STGUSDT,0.0003183264740280705
PYTHUSDT,RIFUSDT,0.0003301926055671813
RDNTUSDT,STGUSDT,0.0003394912064191841
EIGENUSDT,MEUSDT,0.0003425043693505102
PORTALUSDT,WLDUSDT,0.0004098717472340881
AXLUSDT,MANTAUSDT,0.0004189253750641954
RONINUSDT,STGUSDT,0.00046824751291518404
AMPUSDT,MANAUSDT,0.0004752723125707555
AXLUSDT,RIFUSDT,0.0004966941208690955
LUMIAUSDT,VELODROMEUSDT,0.0004970989866286571
PYTHUSDT,STXUSDT,0.0005160574927874053
ACEUSDT,DYMUSDT,0.0005457125719459431
ADXUSDT,AMPUSDT,0.0005656645227641026
1MBABYDOGEUSDT,VANAUSDT,0.0005890527040577837
BNTUSDT,DCRUSDT,0.0005993589765123869
AXSUSDT,ILVUSDT,0.0006221159343360909
MAGICUSDT,STRKUSDT,0.0006254235007107737
AIUSDT,DYMUSDT,0.0006260549228280658
ALTUSDT,STGUSDT,0.0006332210074347079
AIUSDT,NTRNUSDT,0.0006369259440412994
GNSUSDT,MAGICUSDT,0.0006401040565848412
AIUSDT,RDNTUSDT,0.0006423745294335626
ACEUSDT,WOOUSDT,0.0006448117811229411
METISUSDT,NFPUSDT,0.000661956353397052
AEVOUSDT,ALTUSDT,0.0006688653769004803
DYMUSDT,XAIUSDT,0.0007043395952183781
AXLUSDT,NTRNUSDT,0.000740968268210621
WOOUSDT,XAIUSDT,0.0007434852698619255
BANANAUSDT,WIFUSDT,0.0007605582654216997
AIUSDT,MAGICUSDT,0.0007846291326424915
PIXELUSDT,WOOUSDT,0.0008276655745366612
FIDAUSDT,MLNUSDT,0.0008343613067042904
ACEUSDT,PIXELUSDT,0.0008439454976227639
ACXUSDT,MEUSDT,0.0008495831622867923
AIXBTUSDT,LQTYUSDT,0.0009468911666120233
GNSUSDT,HFTUSDT,0.00095880111250301
AXLUSDT,OSMOUSDT,0.0010586610835042515
ACEUSDT,AXLUSDT,0.0010619048369130747
POLUSDT,RENDERUSDT,0.0010892558404457717
MEMEUSDT,RONINUSDT,0.0011517339620122048
AXLUSDT,PORTALUSDT,0.0012089631305534096
AXLUSDT,BLURUSDT,0.0012938211058165993
MANTAUSDT,NTRNUSDT,0.0013942877535669783
GUSDT,NOTUSDT,0.001395045493919225
CYBERUSDT,RONINUSDT,0.0013961842262347729
LISTAUSDT,LUMIAUSDT,0.0014214064347469072
GUSDT,TONUSDT,0.0014227552448538969
AEVOUSDT,PORTALUSDT,0.0014558606937605197
COWUSDT,PENGUUSDT,0.0014579363399202028
APTUSDT,LUMIAUSDT,0.0014603844689735955
CYBERUSDT,TNSRUSDT,0.0014658621102759447
METISUSDT,NTRNUSDT,0.0014701671569322026
DYMUSDT,MANTAUSDT,0.0015139740624820492
AIUSDT,IMXUSDT,0.0015573267712154614
AXSUSDT,MOVRUSDT,0.0016666176021001087
ENAUSDT,VELODROMEUSDT,0.00176742214526029
MEUSDT,VELODROMEUSDT,0.001774259249089507
MAVUSDT,XAIUSDT,0.0020780746882099166
MEMEUSDT,METISUSDT,0.00218892006734601
IOUSDT,ZKUSDT,0.002256071956543827
LUMIAUSDT,POLUSDT,0.0022987306104997906
LUMIAUSDT,ZKUSDT,0.0023629973876966048
BBUSDT,EIGENUSDT,0.002395114268124382
ACEUSDT,NFPUSDT,0.0024472013180665123
AXLUSDT,NFPUSDT,0.002449735947055548
ARBUSDT,AXLUSDT,0.002515518597791578
IQUSDT,METISUSDT,0.0029987867444075775
MDTUSDT,METISUSDT,0.0031594307179051984
DYMUSDT,MAVUSDT,0.0032379519267732287
1MBABYDOGEUSDT,PENGUUSDT,0.003286025071583532
PIVXUSDT,RONINUSDT,0.0033110172882795854
BLURUSDT,DYMUSDT,0.0033995172459188676
PORTALUSDT,RDNTUSDT,0.0036792165414469115
OSMOUSDT,STRKUSDT,0.003894562731269219
DYMUSDT,OPUSDT,0.003905181257751208
METISUSDT,PIXELUSDT,0.004051931587443667
BLURUSDT,METISUSDT,0.00410032656864935
ASTRUSDT,STRKUSDT,0.004241446555940812
AIUSDT,ALTUSDT,0.004582467589793779
1000CATUSDT,ENAUSDT,0.004612088190830535
AIUSDT,BLURUSDT,0.004622567118246377
DYMUSDT,MAGICUSDT,0.004687637353469067
DYMUSDT,RDNTUSDT,0.0049670934748826286
DYMUSDT,PORTALUSDT,0.0050959727565525765
BEAMXUSDT,VANAUSDT,0.005120653839031909
ACEUSDT,AIUSDT,0.005212475203955024
ACXUSDT,VELODROMEUSDT,0.005260625453204844
ARBUSDT,DYMUSDT,0.005350907428320638
BBUSDT,PENGUUSDT,0.005627075151884619
EIGENUSDT,LUMIAUSDT,0.0056328442677724124
PIXELUSDT,PYTHUSDT,0.005756152322825431
METISUSDT,OPUSDT,0.005770515618253736
DOTUSDT,FIDAUSDT,0.006043034016461827
ALTUSDT,RDNTUSDT,0.006172547316138182
AIUSDT,METISUSDT,0.0062186721671322045
BEAMXUSDT,RENDERUSDT,0.006434545871329091
BLURUSDT,STRKUSDT,0.006923755128943696
IMXUSDT,METISUSDT,0.006994146248673827
IOUSDT,POLUSDT,0.006995579916412105
ALTUSDT,NFPUSDT,0.007298943984904987
MANTAUSDT,NFPUSDT,0.007453284435743076
BBUSDT,LUMIAUSDT,0.007783848959540185
STRKUSDT,WOOUSDT,0.008022809223643271
AIUSDT,AXLUSDT,0.00824190312343281
C98USDT,FIDAUSDT,0.008552067137434628
1000CATUSDT,BBUSDT,0.009440898032259063
ALTUSDT,XAIUSDT,0.009608805657967564
AEVOUSDT,PIXELUSDT,0.010322729328065302
OSMOUSDT,PORTALUSDT,0.010356337024733061
NTRNUSDT,PORTALUSDT,0.010473331353958365
MEMEUSDT,PORTALUSDT,0.010494798048445607
1000CATUSDT,SCRUSDT,0.010821329863543953
CETUSUSDT,TURBOUSDT,0.01102484085022718
ALTUSDT,VICUSDT,0.011185176616537878
POLUSDT,POLYXUSDT,0.011361575446586798
ALTUSDT,PORTALUSDT,0.011786564702966627
PIXELUSDT,RONINUSDT,0.011926515394744808
1000CATUSDT,BEAMXUSDT,0.012055308554183302
ARBUSDT,STRKUSDT,0.012083223599733456
LUMIAUSDT,REIUSDT,0.012324684083773029
MAVUSDT,METISUSDT,0.012334654391460528
AXLUSDT,WOOUSDT,0.012635073833831256
ARBUSDT,METISUSDT,0.012660887423047513
ACXUSDT,APTUSDT,0.013306653879937257
AEVOUSDT,VICUSDT,0.013407729571220437
ACEUSDT,ALTUSDT,0.013486929027505581
POLUSDT,ZKUSDT,0.013493688429552297
AIUSDT,MANTAUSDT,0.013677102665300082
PENGUUSDT,RENDERUSDT,0.013702999196424004
LUMIAUSDT,TONUSDT,0.013715214748233529
1MBABYDOGEUSDT,MEUSDT,0.015973883501750812
AEVOUSDT,STRKUSDT,0.015982446820488508
ACXUSDT,REIUSDT,0.016257650209119512
VANAUSDT,ZROUSDT,0.016604095884755445
BLURUSDT,RDNTUSDT,0.016773094227749828
METISUSDT,WLDUSDT,0.0173091698157475
MANTAUSDT,WOOUSDT,0.018078971309707294
AXLUSDT,OPUSDT,0.018268498137392973
AIUSDT,PORTALUSDT,0.01868615219912367
BLURUSDT,XAIUSDT,0.018719831819181652
SCRUSDT,VELODROMEUSDT,0.019026945156536926
MANTAUSDT,OPUSDT,0.020342889996826447
BEAMXUSDT,POLUSDT,0.021796034018122145
NEOUSDT,VETUSDT,0.02183464492006242
AEVOUSDT,WLDUSDT,0.022896489927603365
AXLUSDT,METISUSDT,0.023577473035551622
1000CATUSDT,1MBABYDOGEUSDT,0.025625200538121683
IMXUSDT,STRKUSDT,0.027507705592318177
MANTAUSDT,VICUSDT,0.02807563222383713
DYMUSDT,METISUSDT,0.028378481248080525
MANTAUSDT,METISUSDT,0.029756044557476168
ACXUSDT,THEUSDT,0.031176738214848038
ARBUSDT,PORTALUSDT,0.031397915083276384
HAEDALUSDT,SXTUSDT,0.03160758097375875
1000CATUSDT,ZROUSDT,0.03299850685976587
ACXUSDT,POLUSDT,0.034995698004024696
AXLUSDT,MEMEUSDT,0.03697083170665446
AXLUSDT,XAIUSDT,0.0379209028466802
1000CATUSDT,EIGENUSDT,0.03978714111562946
NFPUSDT,PORTALUSDT,0.041953887204762896
ACXUSDT,PHBUSDT,0.0448687894695387
METISUSDT,STRKUSDT,0.04536308181038939
